Workbook

Sheet Raw Data
A1: sex | B1: smoker | C1: day | D1: time | E1: size | F1: total_bill | G1: tip
A2: Female | B2: No | C2: Sun | D2: Dinner | E2: 2 | F2: 16.99 | G2: 1.01
A3: Male | B3: No | C3: Sun | D3: Dinner | E3: 3 | F3: 10.34 | G3: 1.66 | J3: sex | K3: Gender of the customer
A4: Male | B4: No | C4: Sun | D4: Dinner | E4: 3 | F4: 21.01 | G4: 3.5 | J4: smoker | K4: Indicates if the customer is a smoker or not
A5: Male | B5: No | C5: Sun | D5: Dinner | E5: 2 | F5: 23.68 | G5: 3.31 | J5: day | K5: Day of the restaurant visit
A6: Female | B6: No | C6: Sun | D6: Dinner | E6: 4 | F6: 24.59 | G6: 3.61 | J6: time | K6: Indicates whether the tip was for lunch or dinner
A7: Male | B7: No | C7: Sun | D7: Dinner | E7: 4 | F7: 25.29 | G7: 4.71 | J7: size | K7: Number of members dining
A8: Male | B8: No | C8: Sun | D8: Dinner | E8: 2 | F8: 8.77 | G8: 2 | J8: total bill | K8: Bill amount in USD
A9: Male | B9: No | C9: Sun | D9: Dinner | E9: 4 | F9: 26.88 | G9: 3.12 | J9: tip | K9: Tip amount in USD
A10: Male | B10: No | C10: Sun | D10: Dinner | E10: 2 | F10: 15.04 | G10: 1.96
A11: Male | B11: No | C11: Sun | D11: Dinner | E11: 2 | F11: 14.78 | G11: 3.23
A12: Male | B12: No | C12: Sun | D12: Dinner | E12: 2 | F12: 10.27 | G12: 1.71
A13: Female | B13: No | C13: Sun | D13: Dinner | E13: 4 | F13: 35.26 | G13: 5
A14: Male | B14: No | C14: Sun | D14: Dinner | E14: 2 | F14: 15.42 | G14: 1.57
A15: Male | B15: No | C15: Sun | D15: Dinner | E15: 4 | F15: 18.43 | G15: 3
A16: Female | B16: No | C16: Sun | D16: Dinner | E16: 2 | F16: 14.83 | G16: 3.02
A17: Male | B17: No | C17: Sun | D17: Dinner | E17: 2 | F17: 21.58 | G17: 3.92
A18: Female | B18: No | C18: Sun | D18: Dinner | E18: 3 | F18: 10.33 | G18: 1.67
A19: Male | B19: No | C19: Sun | D19: Dinner | E19: 3 | F19: 16.29 | G19: 3.71
A20: Female | B20: No | C20: Sun | D20: Dinner | E20: 3 | F20: 16.97 | G20: 3.5
A21: Male | B21: No | C21: Sat | D21: Dinner | E21: 3 | F21: 20.65 | G21: 3.35
... A245: Female | B245: No | C245: Thur | D245: Dinner | E245: 2 | F245: 18.78 | G245: 3

Sheet Cleaned data
A1: sex | B1: smoker | C1: day | D1: time | E1: size | F1: total_bill | G1: tip
A2: Female | B2: No | C2: Sun | D2: Dinner | E2: 2 | F2: 16.99 | G2: 1.01
A3: Male | B3: No | C3: Sun | D3: Dinner | E3: 3 | F3: 10.34 | G3: 1.66 | J3: sex | K3: Gender of the customer
A4: Male | B4: No | C4: Sun | D4: Dinner | E4: 3 | F4: 21.01 | G4: 3.5 | J4: smoker | K4: Indicates if the customer is a smoker or not
A5: Male | B5: No | C5: Sun | D5: Dinner | E5: 2 | F5: 23.68 | G5: 3.31 | J5: day | K5: Day of the restaurant visit
A6: Female | B6: No | C6: Sun | D6: Dinner | E6: 4 | F6: 24.59 | G6: 3.61 | J6: time | K6: Indicates whether the tip was for lunch or dinner
A7: Male | B7: No | C7: Sun | D7: Dinner | E7: 4 | F7: 25.29 | G7: 4.71 | J7: size | K7: Number of members dining
A8: Male | B8: No | C8: Sun | D8: Dinner | E8: 2 | F8: 8.77 | G8: 2 | J8: total bill | K8: Bill amount in USD
A9: Male | B9: No | C9: Sun | D9: Dinner | E9: 4 | F9: 26.88 | G9: 3.12 | J9: tip | K9: Tip amount in USD
A10: Male | B10: No | C10: Sun | D10: Dinner | E10: 2 | F10: 15.04 | G10: 1.96
A11: Male | B11: No | C11: Sun | D11: Dinner | E11: 2 | F11: 14.78 | G11: 3.23
A12: Male | B12: No | C12: Sun | D12: Dinner | E12: 2 | F12: 10.27 | G12: 1.71
A13: Female | B13: No | C13: Sun | D13: Dinner | E13: 4 | F13: 35.26 | G13: 5
A14: Male | B14: No | C14: Sun | D14: Dinner | E14: 2 | F14: 15.42 | G14: 1.57
A15: Male | B15: No | C15: Sun | D15: Dinner | E15: 4 | F15: 18.43 | G15: 3
A16: Female | B16: No | C16: Sun | D16: Dinner | E16: 2 | F16: 14.83 | G16: 3.02
A17: Male | B17: No | C17: Sun | D17: Dinner | E17: 2 | F17: 21.58 | G17: 3.92
A18: Female | B18: No | C18: Sun | D18: Dinner | E18: 3 | F18: 10.33 | G18: 1.67
A19: Male | B19: No | C19: Sun | D19: Dinner | E19: 3 | F19: 16.29 | G19: 3.71
A20: Female | B20: No | C20: Sun | D20: Dinner | E20: 3 | F20: 16.97 | G20: 3.5
A21: Male | B21: No | C21: Sat | D21: Dinner | E21: 3 | F21: 20.65 | G21: 3.35
... A244: Female | B244: No | C244: Thur | D244: Dinner | E244: 2 | F244: 18.78 | G244: 3

Sheet Encoded Data
A1: sex | B1: smoker | C1: day | D1: time | E1: tip | F1: size | G1: total_bill | H1: sex_encoded | I1: smoker_encoded | J1: fri_encoded | K1: Sat_encoded | L1: Sun_encoded | M1: predicted Tip | N1: error | O1: squared error | P1: RMSE
A2: Female | B2: No | C2: Sun | D2: Dinner | E2: 1.01 | F2: 2 | G2: 16.99 | H2: =IF(Encode_tbl[[#This Row],[sex]]="Male",1,0) -> 0 | I2: =IF(Encode_tbl[[#This Row],[smoker]]="Yes",1,0) -> 0 | J2: =IF(Encode_tbl[[#This Row],[day]]="Fri",1,0) -> 0 | K2: =IF(Encode_tbl[[#This Row],[day]]="Sat",1,0) -> 0 | L2: =IF(Encode_tbl[[#This Row],[day]]="Sun",1,0) -> 1 | M2: ='Regression Results'!$B$17+'Regression Results'!$B$18*Encode_tbl[[#This Row],[size]]+'Regression Results'!$B$19*Encode_tbl[[#This Row],[total_bill]]+'Regression Results'!$B$20*Encode_tbl[[#This Row],[sex_encoded]]+'Regression Results'!$B$21*Encode_tbl[[#This Row],[smoker_encoded]]+'Regression Results'!$B$22*Encode_tbl[[#This Row],[fri_encoded]]+'Regression Results'!$B$23*Encode_tbl[[#This Row],[Sat_encoded]]+'Regression Results'!$B$24*Encode_tbl[[#This Row],[Sun_encoded]] -> 2.7360828 | N2: =Encode_tbl[[#This Row],[tip]]-Encode_tbl[[#This Row],[predicted Tip]] -> -1.7260828 | O2: =Encode_tbl[[#This Row],[error]]^2 -> 2.9793618 | P2: =SQRT(AVERAGE(Encode_tbl[squared error])) -> 1.007192
A3: Male | B3: No | C3: Sun | D3: Dinner | E3: 1.66 | F3: 3 | G3: 10.34 | H3: =IF(Encode_tbl[[#This Row],[sex]]="Male",1,0) -> 1 | I3: =IF(Encode_tbl[[#This Row],[smoker]]="Yes",1,0) -> 0 | J3: =IF(Encode_tbl[[#This Row],[day]]="Fri",1,0) -> 0 | K3: =IF(Encode_tbl[[#This Row],[day]]="Sat",1,0) -> 0 | L3: =IF(Encode_tbl[[#This Row],[day]]="Sun",1,0) -> 1 | M3: ='Regression Results'!$B$17+'Regression Results'!$B$18*Encode_tbl[[#This Row],[size]]+'Regression Results'!$B$19*Encode_tbl[[#This Row],[total_bill]]+'Regression Results'!$B$20*Encode_tbl[[#This Row],[sex_encoded]]+'Regression Results'!$B$21*Encode_tbl[[#This Row],[smoker_encoded]]+'Regression Results'!$B$22*Encode_tbl[[#This Row],[fri_encoded]]+'Regression Results'!$B$23*Encode_tbl[[#This Row],[Sat_encoded]]+'Regression Results'!$B$24*Encode_tbl[[#This Row],[Sun_encoded]] -> 2.25222 | N3: =Encode_tbl[[#This Row],[tip]]-Encode_tbl[[#This Row],[predicted Tip]] -> -0.59221999 | O3: =Encode_tbl[[#This Row],[error]]^2 -> 0.35072452 | R3: sex | S3: Gender of the customer
A4: Male | B4: No | C4: Sun | D4: Dinner | E4: 3.5 | F4: 3 | G4: 21.01 | H4: =IF(Encode_tbl[[#This Row],[sex]]="Male",1,0) -> 1 | I4: =IF(Encode_tbl[[#This Row],[smoker]]="Yes",1,0) -> 0 | J4: =IF(Encode_tbl[[#This Row],[day]]="Fri",1,0) -> 0 | K4: =IF(Encode_tbl[[#This Row],[day]]="Sat",1,0) -> 0 | L4: =IF(Encode_tbl[[#This Row],[day]]="Sun",1,0) -> 1 | M4: ='Regression Results'!$B$17+'Regression Results'!$B$18*Encode_tbl[[#This Row],[size]]+'Regression Results'!$B$19*Encode_tbl[[#This Row],[total_bill]]+'Regression Results'!$B$20*Encode_tbl[[#This Row],[sex_encoded]]+'Regression Results'!$B$21*Encode_tbl[[#This Row],[smoker_encoded]]+'Regression Results'!$B$22*Encode_tbl[[#This Row],[fri_encoded]]+'Regression Results'!$B$23*Encode_tbl[[#This Row],[Sat_encoded]]+'Regression Results'!$B$24*Encode_tbl[[#This Row],[Sun_encoded]] -> 3.2576999 | N4: =Encode_tbl[[#This Row],[tip]]-Encode_tbl[[#This Row],[predicted Tip]] -> 0.24230008 | O4: =Encode_tbl[[#This Row],[error]]^2 -> 0.058709329 | R4: smoker | S4: Indicates if the customer is a smoker or not
A5: Male | B5: No | C5: Sun | D5: Dinner | E5: 3.31 | F5: 2 | G5: 23.68 | H5: =IF(Encode_tbl[[#This Row],[sex]]="Male",1,0) -> 1 | I5: =IF(Encode_tbl[[#This Row],[smoker]]="Yes",1,0) -> 0 | J5: =IF(Encode_tbl[[#This Row],[day]]="Fri",1,0) -> 0 | K5: =IF(Encode_tbl[[#This Row],[day]]="Sat",1,0) -> 0 | L5: =IF(Encode_tbl[[#This Row],[day]]="Sun",1,0) -> 1 | M5: ='Regression Results'!$B$17+'Regression Results'!$B$18*Encode_tbl[[#This Row],[size]]+'Regression Results'!$B$19*Encode_tbl[[#This Row],[total_bill]]+'Regression Results'!$B$20*Encode_tbl[[#This Row],[sex_encoded]]+'Regression Results'!$B$21*Encode_tbl[[#This Row],[smoker_encoded]]+'Regression Results'!$B$22*Encode_tbl[[#This Row],[fri_encoded]]+'Regression Results'!$B$23*Encode_tbl[[#This Row],[Sat_encoded]]+'Regression Results'!$B$24*Encode_tbl[[#This Row],[Sun_encoded]] -> 3.3322099 | N5: =Encode_tbl[[#This Row],[tip]]-Encode_tbl[[#This Row],[predicted Tip]] -> -0.022209886 | O5: =Encode_tbl[[#This Row],[error]]^2 -> 0.00049327902 | R5: day | S5: Day of the restaurant visit
A6: Female | B6: No | C6: Sun | D6: Dinner | E6: 3.61 | F6: 4 | G6: 24.59 | H6: =IF(Encode_tbl[[#This Row],[sex]]="Male",1,0) -> 0 | I6: =IF(Encode_tbl[[#This Row],[smoker]]="Yes",1,0) -> 0 | J6: =IF(Encode_tbl[[#This Row],[day]]="Fri",1,0) -> 0 | K6: =IF(Encode_tbl[[#This Row],[day]]="Sat",1,0) -> 0 | L6: =IF(Encode_tbl[[#This Row],[day]]="Sun",1,0) -> 1 | M6: ='Regression Results'!$B$17+'Regression Results'!$B$18*Encode_tbl[[#This Row],[size]]+'Regression Results'!$B$19*Encode_tbl[[#This Row],[total_bill]]+'Regression Results'!$B$20*Encode_tbl[[#This Row],[sex_encoded]]+'Regression Results'!$B$21*Encode_tbl[[#This Row],[smoker_encoded]]+'Regression Results'!$B$22*Encode_tbl[[#This Row],[fri_encoded]]+'Regression Results'!$B$23*Encode_tbl[[#This Row],[Sat_encoded]]+'Regression Results'!$B$24*Encode_tbl[[#This Row],[Sun_encoded]] -> 3.8064546 | N6: =Encode_tbl[[#This Row],[tip]]-Encode_tbl[[#This Row],[predicted Tip]] -> -0.19645464 | O6: =Encode_tbl[[#This Row],[error]]^2 -> 0.038594425 | R6: time | S6: Indicates whether the tip was for lunch or dinner
A7: Male | B7: No | C7: Sun | D7: Dinner | E7: 4.71 | F7: 4 | G7: 25.29 | H7: =IF(Encode_tbl[[#This Row],[sex]]="Male",1,0) -> 1 | I7: =IF(Encode_tbl[[#This Row],[smoker]]="Yes",1,0) -> 0 | J7: =IF(Encode_tbl[[#This Row],[day]]="Fri",1,0) -> 0 | K7: =IF(Encode_tbl[[#This Row],[day]]="Sat",1,0) -> 0 | L7: =IF(Encode_tbl[[#This Row],[day]]="Sun",1,0) -> 1 | M7: ='Regression Results'!$B$17+'Regression Results'!$B$18*Encode_tbl[[#This Row],[size]]+'Regression Results'!$B$19*Encode_tbl[[#This Row],[total_bill]]+'Regression Results'!$B$20*Encode_tbl[[#This Row],[sex_encoded]]+'Regression Results'!$B$21*Encode_tbl[[#This Row],[smoker_encoded]]+'Regression Results'!$B$22*Encode_tbl[[#This Row],[fri_encoded]]+'Regression Results'!$B$23*Encode_tbl[[#This Row],[Sat_encoded]]+'Regression Results'!$B$24*Encode_tbl[[#This Row],[Sun_encoded]] -> 3.8381183 | N7: =Encode_tbl[[#This Row],[tip]]-Encode_tbl[[#This Row],[predicted Tip]] -> 0.8718817 | O7: =Encode_tbl[[#This Row],[error]]^2 -> 0.76017769 | R7: size | S7: Number of members dining
A8: Male | B8: No | C8: Sun | D8: Dinner | E8: 2 | F8: 2 | G8: 8.77 | H8: =IF(Encode_tbl[[#This Row],[sex]]="Male",1,0) -> 1 | I8: =IF(Encode_tbl[[#This Row],[smoker]]="Yes",1,0) -> 0 | J8: =IF(Encode_tbl[[#This Row],[day]]="Fri",1,0) -> 0 | K8: =IF(Encode_tbl[[#This Row],[day]]="Sat",1,0) -> 0 | L8: =IF(Encode_tbl[[#This Row],[day]]="Sun",1,0) -> 1 | M8: ='Regression Results'!$B$17+'Regression Results'!$B$18*Encode_tbl[[#This Row],[size]]+'Regression Results'!$B$19*Encode_tbl[[#This Row],[total_bill]]+'Regression Results'!$B$20*Encode_tbl[[#This Row],[sex_encoded]]+'Regression Results'!$B$21*Encode_tbl[[#This Row],[smoker_encoded]]+'Regression Results'!$B$22*Encode_tbl[[#This Row],[fri_encoded]]+'Regression Results'!$B$23*Encode_tbl[[#This Row],[Sat_encoded]]+'Regression Results'!$B$24*Encode_tbl[[#This Row],[Sun_encoded]] -> 1.9271765 | N8: =Encode_tbl[[#This Row],[tip]]-Encode_tbl[[#This Row],[predicted Tip]] -> 0.07282345 | O8: =Encode_tbl[[#This Row],[error]]^2 -> 0.0053032549 | R8: total bill | S8: Bill amount in USD
A9: Male | B9: No | C9: Sun | D9: Dinner | E9: 3.12 | F9: 4 | G9: 26.88 | H9: =IF(Encode_tbl[[#This Row],[sex]]="Male",1,0) -> 1 | I9: =IF(Encode_tbl[[#This Row],[smoker]]="Yes",1,0) -> 0 | J9: =IF(Encode_tbl[[#This Row],[day]]="Fri",1,0) -> 0 | K9: =IF(Encode_tbl[[#This Row],[day]]="Sat",1,0) -> 0 | L9: =IF(Encode_tbl[[#This Row],[day]]="Sun",1,0) -> 1 | M9: ='Regression Results'!$B$17+'Regression Results'!$B$18*Encode_tbl[[#This Row],[size]]+'Regression Results'!$B$19*Encode_tbl[[#This Row],[total_bill]]+'Regression Results'!$B$20*Encode_tbl[[#This Row],[sex_encoded]]+'Regression Results'!$B$21*Encode_tbl[[#This Row],[smoker_encoded]]+'Regression Results'!$B$22*Encode_tbl[[#This Row],[fri_encoded]]+'Regression Results'!$B$23*Encode_tbl[[#This Row],[Sat_encoded]]+'Regression Results'!$B$24*Encode_tbl[[#This Row],[Sun_encoded]] -> 3.9879508 | N9: =Encode_tbl[[#This Row],[tip]]-Encode_tbl[[#This Row],[predicted Tip]] -> -0.86795083 | O9: =Encode_tbl[[#This Row],[error]]^2 -> 0.75333865 | R9: tip | S9: Tip amount in USD
A10: Male | B10: No | C10: Sun | D10: Dinner | E10: 1.96 | F10: 2 | G10: 15.04 | H10: =IF(Encode_tbl[[#This Row],[sex]]="Male",1,0) -> 1 | I10: =IF(Encode_tbl[[#This Row],[smoker]]="Yes",1,0) -> 0 | J10: =IF(Encode_tbl[[#This Row],[day]]="Fri",1,0) -> 0 | K10: =IF(Encode_tbl[[#This Row],[day]]="Sat",1,0) -> 0 | L10: =IF(Encode_tbl[[#This Row],[day]]="Sun",1,0) -> 1 | M10: ='Regression Results'!$B$17+'Regression Results'!$B$18*Encode_tbl[[#This Row],[size]]+'Regression Results'!$B$19*Encode_tbl[[#This Row],[total_bill]]+'Regression Results'!$B$20*Encode_tbl[[#This Row],[sex_encoded]]+'Regression Results'!$B$21*Encode_tbl[[#This Row],[smoker_encoded]]+'Regression Results'!$B$22*Encode_tbl[[#This Row],[fri_encoded]]+'Regression Results'!$B$23*Encode_tbl[[#This Row],[Sat_encoded]]+'Regression Results'!$B$24*Encode_tbl[[#This Row],[Sun_encoded]] -> 2.5180256 | N10: =Encode_tbl[[#This Row],[tip]]-Encode_tbl[[#This Row],[predicted Tip]] -> -0.55802558 | O10: =Encode_tbl[[#This Row],[error]]^2 -> 0.31139255
A11: Male | B11: No | C11: Sun | D11: Dinner | E11: 3.23 | F11: 2 | G11: 14.78 | H11: =IF(Encode_tbl[[#This Row],[sex]]="Male",1,0) -> 1 | I11: =IF(Encode_tbl[[#This Row],[smoker]]="Yes",1,0) -> 0 | J11: =IF(Encode_tbl[[#This Row],[day]]="Fri",1,0) -> 0 | K11: =IF(Encode_tbl[[#This Row],[day]]="Sat",1,0) -> 0 | L11: =IF(Encode_tbl[[#This Row],[day]]="Sun",1,0) -> 1 | M11: ='Regression Results'!$B$17+'Regression Results'!$B$18*Encode_tbl[[#This Row],[size]]+'Regression Results'!$B$19*Encode_tbl[[#This Row],[total_bill]]+'Regression Results'!$B$20*Encode_tbl[[#This Row],[sex_encoded]]+'Regression Results'!$B$21*Encode_tbl[[#This Row],[smoker_encoded]]+'Regression Results'!$B$22*Encode_tbl[[#This Row],[fri_encoded]]+'Regression Results'!$B$23*Encode_tbl[[#This Row],[Sat_encoded]]+'Regression Results'!$B$24*Encode_tbl[[#This Row],[Sun_encoded]] -> 2.4935247 | N11: =Encode_tbl[[#This Row],[tip]]-Encode_tbl[[#This Row],[predicted Tip]] -> 0.73647534 | O11: =Encode_tbl[[#This Row],[error]]^2 -> 0.54239592
A12: Male | B12: No | C12: Sun | D12: Dinner | E12: 1.71 | F12: 2 | G12: 10.27 | H12: =IF(Encode_tbl[[#This Row],[sex]]="Male",1,0) -> 1 | I12: =IF(Encode_tbl[[#This Row],[smoker]]="Yes",1,0) -> 0 | J12: =IF(Encode_tbl[[#This Row],[day]]="Fri",1,0) -> 0 | K12: =IF(Encode_tbl[[#This Row],[day]]="Sat",1,0) -> 0 | L12: =IF(Encode_tbl[[#This Row],[day]]="Sun",1,0) -> 1 | M12: ='Regression Results'!$B$17+'Regression Results'!$B$18*Encode_tbl[[#This Row],[size]]+'Regression Results'!$B$19*Encode_tbl[[#This Row],[total_bill]]+'Regression Results'!$B$20*Encode_tbl[[#This Row],[sex_encoded]]+'Regression Results'!$B$21*Encode_tbl[[#This Row],[smoker_encoded]]+'Regression Results'!$B$22*Encode_tbl[[#This Row],[fri_encoded]]+'Regression Results'!$B$23*Encode_tbl[[#This Row],[Sat_encoded]]+'Regression Results'!$B$24*Encode_tbl[[#This Row],[Sun_encoded]] -> 2.068528 | N12: =Encode_tbl[[#This Row],[tip]]-Encode_tbl[[#This Row],[predicted Tip]] -> -0.35852799 | O12: =Encode_tbl[[#This Row],[error]]^2 -> 0.12854232
A13: Female | B13: No | C13: Sun | D13: Dinner | E13: 5 | F13: 4 | G13: 35.26 | H13: =IF(Encode_tbl[[#This Row],[sex]]="Male",1,0) -> 0 | I13: =IF(Encode_tbl[[#This Row],[smoker]]="Yes",1,0) -> 0 | J13: =IF(Encode_tbl[[#This Row],[day]]="Fri",1,0) -> 0 | K13: =IF(Encode_tbl[[#This Row],[day]]="Sat",1,0) -> 0 | L13: =IF(Encode_tbl[[#This Row],[day]]="Sun",1,0) -> 1 | M13: ='Regression Results'!$B$17+'Regression Results'!$B$18*Encode_tbl[[#This Row],[size]]+'Regression Results'!$B$19*Encode_tbl[[#This Row],[total_bill]]+'Regression Results'!$B$20*Encode_tbl[[#This Row],[sex_encoded]]+'Regression Results'!$B$21*Encode_tbl[[#This Row],[smoker_encoded]]+'Regression Results'!$B$22*Encode_tbl[[#This Row],[fri_encoded]]+'Regression Results'!$B$23*Encode_tbl[[#This Row],[Sat_encoded]]+'Regression Results'!$B$24*Encode_tbl[[#This Row],[Sun_encoded]] -> 4.8119346 | N13: =Encode_tbl[[#This Row],[tip]]-Encode_tbl[[#This Row],[predicted Tip]] -> 0.18806543 | O13: =Encode_tbl[[#This Row],[error]]^2 -> 0.035368608
A14: Male | B14: No | C14: Sun | D14: Dinner | E14: 1.57 | F14: 2 | G14: 15.42 | H14: =IF(Encode_tbl[[#This Row],[sex]]="Male",1,0) -> 1 | I14: =IF(Encode_tbl[[#This Row],[smoker]]="Yes",1,0) -> 0 | J14: =IF(Encode_tbl[[#This Row],[day]]="Fri",1,0) -> 0 | K14: =IF(Encode_tbl[[#This Row],[day]]="Sat",1,0) -> 0 | L14: =IF(Encode_tbl[[#This Row],[day]]="Sun",1,0) -> 1 | M14: ='Regression Results'!$B$17+'Regression Results'!$B$18*Encode_tbl[[#This Row],[size]]+'Regression Results'!$B$19*Encode_tbl[[#This Row],[total_bill]]+'Regression Results'!$B$20*Encode_tbl[[#This Row],[sex_encoded]]+'Regression Results'!$B$21*Encode_tbl[[#This Row],[smoker_encoded]]+'Regression Results'!$B$22*Encode_tbl[[#This Row],[fri_encoded]]+'Regression Results'!$B$23*Encode_tbl[[#This Row],[Sat_encoded]]+'Regression Results'!$B$24*Encode_tbl[[#This Row],[Sun_encoded]] -> 2.5538346 | N14: =Encode_tbl[[#This Row],[tip]]-Encode_tbl[[#This Row],[predicted Tip]] -> -0.98383461 | O14: =Encode_tbl[[#This Row],[error]]^2 -> 0.96793054
A15: Male | B15: No | C15: Sun | D15: Dinner | E15: 3 | F15: 4 | G15: 18.43 | H15: =IF(Encode_tbl[[#This Row],[sex]]="Male",1,0) -> 1 | I15: =IF(Encode_tbl[[#This Row],[smoker]]="Yes",1,0) -> 0 | J15: =IF(Encode_tbl[[#This Row],[day]]="Fri",1,0) -> 0 | K15: =IF(Encode_tbl[[#This Row],[day]]="Sat",1,0) -> 0 | L15: =IF(Encode_tbl[[#This Row],[day]]="Sun",1,0) -> 1 | M15: ='Regression Results'!$B$17+'Regression Results'!$B$18*Encode_tbl[[#This Row],[size]]+'Regression Results'!$B$19*Encode_tbl[[#This Row],[total_bill]]+'Regression Results'!$B$20*Encode_tbl[[#This Row],[sex_encoded]]+'Regression Results'!$B$21*Encode_tbl[[#This Row],[smoker_encoded]]+'Regression Results'!$B$22*Encode_tbl[[#This Row],[fri_encoded]]+'Regression Results'!$B$23*Encode_tbl[[#This Row],[Sat_encoded]]+'Regression Results'!$B$24*Encode_tbl[[#This Row],[Sun_encoded]] -> 3.191671 | N15: =Encode_tbl[[#This Row],[tip]]-Encode_tbl[[#This Row],[predicted Tip]] -> -0.19167104 | O15: =Encode_tbl[[#This Row],[error]]^2 -> 0.036737788
A16: Female | B16: No | C16: Sun | D16: Dinner | E16: 3.02 | F16: 2 | G16: 14.83 | H16: =IF(Encode_tbl[[#This Row],[sex]]="Male",1,0) -> 0 | I16: =IF(Encode_tbl[[#This Row],[smoker]]="Yes",1,0) -> 0 | J16: =IF(Encode_tbl[[#This Row],[day]]="Fri",1,0) -> 0 | K16: =IF(Encode_tbl[[#This Row],[day]]="Sat",1,0) -> 0 | L16: =IF(Encode_tbl[[#This Row],[day]]="Sun",1,0) -> 1 | M16: ='Regression Results'!$B$17+'Regression Results'!$B$18*Encode_tbl[[#This Row],[size]]+'Regression Results'!$B$19*Encode_tbl[[#This Row],[total_bill]]+'Regression Results'!$B$20*Encode_tbl[[#This Row],[sex_encoded]]+'Regression Results'!$B$21*Encode_tbl[[#This Row],[smoker_encoded]]+'Regression Results'!$B$22*Encode_tbl[[#This Row],[fri_encoded]]+'Regression Results'!$B$23*Encode_tbl[[#This Row],[Sat_encoded]]+'Regression Results'!$B$24*Encode_tbl[[#This Row],[Sun_encoded]] -> 2.5325367 | N16: =Encode_tbl[[#This Row],[tip]]-Encode_tbl[[#This Row],[predicted Tip]] -> 0.48746328 | O16: =Encode_tbl[[#This Row],[error]]^2 -> 0.23762045
A17: Male | B17: No | C17: Sun | D17: Dinner | E17: 3.92 | F17: 2 | G17: 21.58 | H17: =IF(Encode_tbl[[#This Row],[sex]]="Male",1,0) -> 1 | I17: =IF(Encode_tbl[[#This Row],[smoker]]="Yes",1,0) -> 0 | J17: =IF(Encode_tbl[[#This Row],[day]]="Fri",1,0) -> 0 | K17: =IF(Encode_tbl[[#This Row],[day]]="Sat",1,0) -> 0 | L17: =IF(Encode_tbl[[#This Row],[day]]="Sun",1,0) -> 1 | M17: ='Regression Results'!$B$17+'Regression Results'!$B$18*Encode_tbl[[#This Row],[size]]+'Regression Results'!$B$19*Encode_tbl[[#This Row],[total_bill]]+'Regression Results'!$B$20*Encode_tbl[[#This Row],[sex_encoded]]+'Regression Results'!$B$21*Encode_tbl[[#This Row],[smoker_encoded]]+'Regression Results'!$B$22*Encode_tbl[[#This Row],[fri_encoded]]+'Regression Results'!$B$23*Encode_tbl[[#This Row],[Sat_encoded]]+'Regression Results'!$B$24*Encode_tbl[[#This Row],[Sun_encoded]] -> 3.1343179 | N17: =Encode_tbl[[#This Row],[tip]]-Encode_tbl[[#This Row],[predicted Tip]] -> 0.78568213 | O17: =Encode_tbl[[#This Row],[error]]^2 -> 0.61729641
A18: Female | B18: No | C18: Sun | D18: Dinner | E18: 1.67 | F18: 3 | G18: 10.33 | H18: =IF(Encode_tbl[[#This Row],[sex]]="Male",1,0) -> 0 | I18: =IF(Encode_tbl[[#This Row],[smoker]]="Yes",1,0) -> 0 | J18: =IF(Encode_tbl[[#This Row],[day]]="Fri",1,0) -> 0 | K18: =IF(Encode_tbl[[#This Row],[day]]="Sat",1,0) -> 0 | L18: =IF(Encode_tbl[[#This Row],[day]]="Sun",1,0) -> 1 | M18: ='Regression Results'!$B$17+'Regression Results'!$B$18*Encode_tbl[[#This Row],[size]]+'Regression Results'!$B$19*Encode_tbl[[#This Row],[total_bill]]+'Regression Results'!$B$20*Encode_tbl[[#This Row],[sex_encoded]]+'Regression Results'!$B$21*Encode_tbl[[#This Row],[smoker_encoded]]+'Regression Results'!$B$22*Encode_tbl[[#This Row],[fri_encoded]]+'Regression Results'!$B$23*Encode_tbl[[#This Row],[Sat_encoded]]+'Regression Results'!$B$24*Encode_tbl[[#This Row],[Sun_encoded]] -> 2.285578 | N18: =Encode_tbl[[#This Row],[tip]]-Encode_tbl[[#This Row],[predicted Tip]] -> -0.61557799 | O18: =Encode_tbl[[#This Row],[error]]^2 -> 0.37893627
A19: Male | B19: No | C19: Sun | D19: Dinner | E19: 3.71 | F19: 3 | G19: 16.29 | H19: =IF(Encode_tbl[[#This Row],[sex]]="Male",1,0) -> 1 | I19: =IF(Encode_tbl[[#This Row],[smoker]]="Yes",1,0) -> 0 | J19: =IF(Encode_tbl[[#This Row],[day]]="Fri",1,0) -> 0 | K19: =IF(Encode_tbl[[#This Row],[day]]="Sat",1,0) -> 0 | L19: =IF(Encode_tbl[[#This Row],[day]]="Sun",1,0) -> 1 | M19: ='Regression Results'!$B$17+'Regression Results'!$B$18*Encode_tbl[[#This Row],[size]]+'Regression Results'!$B$19*Encode_tbl[[#This Row],[total_bill]]+'Regression Results'!$B$20*Encode_tbl[[#This Row],[sex_encoded]]+'Regression Results'!$B$21*Encode_tbl[[#This Row],[smoker_encoded]]+'Regression Results'!$B$22*Encode_tbl[[#This Row],[fri_encoded]]+'Regression Results'!$B$23*Encode_tbl[[#This Row],[Sat_encoded]]+'Regression Results'!$B$24*Encode_tbl[[#This Row],[Sun_encoded]] -> 2.812914 | N19: =Encode_tbl[[#This Row],[tip]]-Encode_tbl[[#This Row],[predicted Tip]] -> 0.89708595 | O19: =Encode_tbl[[#This Row],[error]]^2 -> 0.80476321
A20: Female | B20: No | C20: Sun | D20: Dinner | E20: 3.5 | F20: 3 | G20: 16.97 | H20: =IF(Encode_tbl[[#This Row],[sex]]="Male",1,0) -> 0 | I20: =IF(Encode_tbl[[#This Row],[smoker]]="Yes",1,0) -> 0 | J20: =IF(Encode_tbl[[#This Row],[day]]="Fri",1,0) -> 0 | K20: =IF(Encode_tbl[[#This Row],[day]]="Sat",1,0) -> 0 | L20: =IF(Encode_tbl[[#This Row],[day]]="Sun",1,0) -> 1 | M20: ='Regression Results'!$B$17+'Regression Results'!$B$18*Encode_tbl[[#This Row],[size]]+'Regression Results'!$B$19*Encode_tbl[[#This Row],[total_bill]]+'Regression Results'!$B$20*Encode_tbl[[#This Row],[sex_encoded]]+'Regression Results'!$B$21*Encode_tbl[[#This Row],[smoker_encoded]]+'Regression Results'!$B$22*Encode_tbl[[#This Row],[fri_encoded]]+'Regression Results'!$B$23*Encode_tbl[[#This Row],[Sat_encoded]]+'Regression Results'!$B$24*Encode_tbl[[#This Row],[Sun_encoded]] -> 2.9112937 | N20: =Encode_tbl[[#This Row],[tip]]-Encode_tbl[[#This Row],[predicted Tip]] -> 0.58870629 | O20: =Encode_tbl[[#This Row],[error]]^2 -> 0.34657509
A21: Male | B21: No | C21: Sat | D21: Dinner | E21: 3.35 | F21: 3 | G21: 20.65 | H21: =IF(Encode_tbl[[#This Row],[sex]]="Male",1,0) -> 1 | I21: =IF(Encode_tbl[[#This Row],[smoker]]="Yes",1,0) -> 0 | J21: =IF(Encode_tbl[[#This Row],[day]]="Fri",1,0) -> 0 | K21: =IF(Encode_tbl[[#This Row],[day]]="Sat",1,0) -> 1 | L21: =IF(Encode_tbl[[#This Row],[day]]="Sun",1,0) -> 0 | M21: ='Regression Results'!$B$17+'Regression Results'!$B$18*Encode_tbl[[#This Row],[size]]+'Regression Results'!$B$19*Encode_tbl[[#This Row],[total_bill]]+'Regression Results'!$B$20*Encode_tbl[[#This Row],[sex_encoded]]+'Regression Results'!$B$21*Encode_tbl[[#This Row],[smoker_encoded]]+'Regression Results'!$B$22*Encode_tbl[[#This Row],[fri_encoded]]+'Regression Results'!$B$23*Encode_tbl[[#This Row],[Sat_encoded]]+'Regression Results'!$B$24*Encode_tbl[[#This Row],[Sun_encoded]] -> 3.1266561 | N21: =Encode_tbl[[#This Row],[tip]]-Encode_tbl[[#This Row],[predicted Tip]] -> 0.22334388 | O21: =Encode_tbl[[#This Row],[error]]^2 -> 0.049882487
... A244: Female | B244: No | C244: Thur | D244: Dinner | E244: 3 | F244: 2 | G244: 18.78 | H244: =IF(Encode_tbl[[#This Row],[sex]]="Male",1,0) -> 0 | I244: =IF(Encode_tbl[[#This Row],[smoker]]="Yes",1,0) -> 0 | J244: =IF(Encode_tbl[[#This Row],[day]]="Fri",1,0) -> 0 | K244: =IF(Encode_tbl[[#This Row],[day]]="Sat",1,0) -> 0 | L244: =IF(Encode_tbl[[#This Row],[day]]="Sun",1,0) -> 0 | M244: ='Regression Results'!$B$17+'Regression Results'!$B$18*Encode_tbl[[#This Row],[size]]+'Regression Results'!$B$19*Encode_tbl[[#This Row],[total_bill]]+'Regression Results'!$B$20*Encode_tbl[[#This Row],[sex_encoded]]+'Regression Results'!$B$21*Encode_tbl[[#This Row],[smoker_encoded]]+'Regression Results'!$B$22*Encode_tbl[[#This Row],[fri_encoded]]+'Regression Results'!$B$23*Encode_tbl[[#This Row],[Sat_encoded]]+'Regression Results'!$B$24*Encode_tbl[[#This Row],[Sun_encoded]] -> 2.8372707 | N244: =Encode_tbl[[#This Row],[tip]]-Encode_tbl[[#This Row],[predicted Tip]] -> 0.16272929 | O244: =Encode_tbl[[#This Row],[error]]^2 -> 0.026480821

Sheet Regression Results
A1: SUMMARY OUTPUT
A3: Regression Statistics
A4: Multiple R | B4: 0.68481783
A5: R Square | B5: 0.46897546
A6: Adjusted R Square | B6: 0.4531577
A7: Standard Error | B7: 1.0241922
A8: Observations | B8: 243
A10: ANOVA
B11: df | C11: SS | D11: MS | E11: F | F11: Significance F
A12: Regression | B12: 7 | C12: 217.70395 | D12: 31.100564 | E12: 29.648679 | F12: 3.620682e-29
A13: Residual | B13: 235 | C13: 246.50787 | D13: 1.0489696
A14: Total | B14: 242 | C14: 464.21182
B16: Coefficients | C16: Standard Error | D16: t Stat | E16: P-value | F16: Lower 95% | G16: Upper 95% | H16: Lower 95.0% | I16: Upper 95.0%
A17: Intercept | B17: 0.71335945 | C17: 0.23331453 | D17: 3.0575012 | E17: 0.0024902497 | F17: 0.25370415 | G17: 1.1730148 | H17: 0.25370415 | I17: 1.1730148
A18: size | B18: 0.1770956 | C18: 0.089283016 | D18: 1.9835307 | E18: 0.048472136 | F18: 0.0011982327 | G18: 0.35299297 | H18: 0.0011982327 | I18: 0.35299297
A19: total_bill | B19: 0.094234295 | C19: 0.0095294559 | D19: 9.8887382 | E19: 1.6729913e-19 | F19: 0.075460218 | G19: 0.11300837 | H19: 0.075460218 | I19: 0.11300837
A20: sex_encoded | B20: -0.034300343 | C20: 0.14190292 | D20: -0.24171695 | E20: 0.80921028 | F20: -0.31386472 | G20: 0.24526404 | H20: -0.31386472 | I20: 0.24526404
A21: smoker_encoded | B21: -0.081693443 | C21: 0.14706103 | D21: -0.55550707 | E21: 0.57907631 | F21: -0.37141986 | G21: 0.20803297 | H21: -0.37141986 | I21: 0.20803297
A22: fri_encoded | B22: 0.11482523 | C22: 0.28018775 | D22: 0.40981533 | E22: 0.68231475 | F22: -0.43717546 | G22: 0.66682593 | H22: -0.43717546 | I22: 0.66682593
A23: Sat_encoded | B23: -0.029627978 | C23: 0.17640269 | D23: -0.1679565 | E23: 0.86676195 | F23: -0.37716069 | G23: 0.31790473 | H23: -0.37716069 | I23: 0.31790473
A24: Sun_encoded | B24: 0.067491472 | C24: 0.18228981 | D24: 0.37024271 | E24: 0.71153513 | F24: -0.29163951 | G24: 0.42662246 | H24: -0.29163951 | I24: 0.42662246
A28: RESIDUAL OUTPUT
A30: Observation | B30: Predicted tip | C30: Residuals
A31: 1 | B31: 2.7360828 | C31: -1.7260828
A32: 2 | B32: 2.25222 | C32: -0.59221999
A33: 3 | B33: 3.2576999 | C33: 0.24230008
A34: 4 | B34: 3.3322099 | C34: -0.022209886
A35: 5 | B35: 3.8064546 | C35: -0.19645464
A36: 6 | B36: 3.8381183 | C36: 0.8718817
A37: 7 | B37: 1.9271765 | C37: 0.07282345
A38: 8 | B38: 3.9879508 | C38: -0.86795083
A39: 9 | B39: 2.5180256 | C39: -0.55802558
A40: 10 | B40: 2.4935247 | C40: 0.73647534
A41: 11 | B41: 2.068528 | C41: -0.35852799
A42: 12 | B42: 4.8119346 | C42: 0.18806543
... A273: 243 | B273: 2.8372707 | C273: 0.16272929
